NAME,Sex,Ticket price,Port Embarked,DATE OF BIRTH,SURVIVED,RICH,HIGHEST PRICE BELONGINGS,WEIGHT,HEIGHT
Elden Klessmann,male,78.292,Q,16/04/1881,1,1,clock/wallet/hat,71,150
Tricia Panting,female,7,S,30/11/1882,0,0,monocle/suit/clock,76.4,194
Gasparo MacCumeskey,male,96.875,Q,23/05/1884,1,1,jacket/monocle/shoes,70.3,169
Ogdon Nevin,male,86.625,S,01/05/1888,1,1,clock/wallet/hat,80.7,173
Jeff Knill,female,122.875,S,24/08/1855,1,0,monocle/suit/clock,87.4,171
Curry Toffano,male,9.225,S,17/10/1866,0,0,clock/wallet/hat,82.1,164
Sherlock Padwick,female,76.292,Q,15/04/1863,1,0,clock/wallet/hat,87.4,182
Esteban McKniely,male,29,S,10/02/1868,1,1,monocle/suit/clock,63.4,187
Hazlett Chellam,female,72.292,C,04/06/1853,1,0,jacket/monocle/shoes,86.6,171
Angeli Mower,male,24.15,S,07/04/1835,1,0,clock/wallet/hat,82.9,169
Remy Curmi,male,78.958,S,24/07/1850,1,1,jacket/monocle/shoes,78.2,160
Boy Furney,male,26,S,03/08/1833,0,0,clock/wallet/hat,63.9,175
Daren Ebbles,female,822.667,S,15/05/1882,1,0,jacket/monocle/shoes,80.5,194
Jenni Cozby,male,26,S,21/08/1853,1,1,clock/wallet/hat,82.6,192
Ronica Boadby,female,61.175,S,08/07/1833,0,1,monocle/suit/clock,72.7,163
Wallie Rittmeier,female,277.208,C,07/10/1884,1,1,clock/wallet/hat,53.2,184
Stacie Antic,male,12.35,Q,11/10/1878,1,1,monocle/suit/clock,64.1,185
Antoinette Argo,male,7.225,C,28/04/1837,1,0,clock/wallet/hat,87.4,158
Brandise Hawyes,female,7.925,S,13/07/1847,1,1,clock/wallet/hat,88.5,160
Dougy Bowler,female,7.225,C,06/12/1864,1,0,clock/wallet/hat,54.8,152
Mathias Boffey,male,59.4,C,27/11/1872,0,0,monocle/suit/clock,72.3,177
Norbie Viles,male,31.708,S,24/2/1865,0,0,clock/wallet/hat,52.2,151
Colby Cheeke,female,316.833,S,06/02/1858,1,1,suit/jacket/wallet,88.8,152
Riobard Shayes,male,613.792,C,20/04/1868,1,1,monocle/suit/clock,61.8,151
Anabelle Wombwell,female,262.375,C,12/03/1864,0,0,suit/jacket/wallet,77.2,179
Amory Filipov,male,14.5,S,08/03/1868,0,1,monocle/suit/clock,59.1,158
Lane Kears,female,619.792,C,27/12/1888,0,1,suit/jacket/wallet,83.6,165
Lyda Callum,male,7.225,C,28/5/1851,0,0,monocle/suit/clock,90,176
Cosette Lunbech,male,30.5,S,16/07/1866,1,1,monocle/suit/clock,84.2,196
Rickie Fydoe,male,216.792,C,17/07/1838,1,0,suit/jacket/wallet,66.4,174
Huntington Neely,male,26,S,27/07/1881,1,1,suit/jacket/wallet,75.9,153
Rinaldo Mitton,male,31.5,S,02/03/1882,0,1,suit/jacket/wallet,92,167
Monika Bernet,female,20.575,S,10/01/1842,0,1,monocle/suit/clock,65.1,183
Guthrey Arnaez,female,23.45,S,08/04/1888,0,0,suit/jacket/wallet,55.2,182
Ginnifer Spurdens,male,57.75,C,06/07/1878,0,1,suit/jacket/wallet,97.6,166
Ilyse Lawee,male,72.292,C,06/10/1845,0,1,suit/jacket/wallet,62.1,195
Sander Slott,female,08.05,S,1/8/1840,0,0,suit/jacket/wallet,54.6,155
Lorilee Tomasian,female,86.625,S,05/10/1876,0,0,suit/jacket/wallet,52.2,174
Gery Haigh,male,9.5,S,18/11/1845,1,1,monocle/suit/clock,66.1,174
Iggie Burleigh,male,564.958,S,16/2/1874,1,1,suit/jacket/wallet,95.2,185
Eb Crowd,male,134.167,C,17/01/1838,1,0,suit/jacket/wallet,75.2,163
Fanny De Bruijn,male,26.55,S,15/08/1861,0,1,suit/jacket/wallet,70.1,151
Ludovika Bradwell,male,7.85,S,28/06/1878,1,1,suit/jacket/wallet,93.7,191
Therese Neissen,female,13,S,05/08/1882,1,1,monocle/suit/clock,88.6,189
Kirbie Halahan,female,525.542,S,05/11/1872,0,0,suit/jacket/wallet,72.9,196
Tani Kemet,male,7.925,S,28/08/1880,0,0,suit/jacket/wallet,57.8,183
Isaiah Pedrick,male,29.7,C,26/12/1850,0,0,suit/jacket/wallet,71.6,171
Emmaline Hendricks,male,7.75,Q,25/1/1877,1,0,suit/jacket/wallet,75.2,173
Madelene Hatfull,female,762.917,C,02/03/1861,0,0,monocle/suit/clock,53.2,163
Arly Tomasini,female,15.9,S,25/10/1887,1,1,clock/jacket/hat,83.2,184
Dulsea Barkley,male,60,S,28/06/1883,0,1,suit/jacket/wallet,54.2,182
Monte Jenkin,male,150.333,C,01/11/1876,1,0,suit/jacket/wallet,62.7,166
Nobie Culkin,female,23,S,28/11/1835,0,1,suit/jacket/wallet,93.9,197
Tyrone Tremlett,female,263,S,28/08/1887,0,0,monocle/suit/clock,83.2,189
Tybie Akett,male,155.792,C,15/01/1845,1,0,suit/jacket/wallet,80.5,157
Marja Herrero,male,29.125,Q,25/10/1888,1,1,suit/jacket/wallet,96.9,182
Floris Robinette,male,78.958,S,18/04/1834,1,0,monocle/suit/clock,71.1,175
Leonie Cokly,male,7.65,S,15/02/1866,0,1,suit/jacket/wallet,70.5,195
Emiline Roussell,male,16.1,S,21/08/1861,1,0,suit/jacket/wallet,85.9,171
Tandi Fever,female,262.375,C,01/04/1850,1,0,suit/jacket/wallet,55.5,176
Tiertza Wynter,male,78.958,S,08/10/1838,0,1,monocle/suit/clock,64.9,169
Darlene Morriss,male,13.5,S,20/08/1877,1,0,suit/jacket/wallet,78.8,152
Vivienne Zanettini,male,7.75,S,11/05/1861,0,0,suit/jacket/wallet,71.8,171
Averil Kenzie,female,7.725,Q,13/04/1860,1,0,suit/jacket/wallet,75.3,160
Myrtia Enefer,male,262.375,C,04/07/1862,0,0,monocle/suit/clock,57,193
Marcela Sanchiz,female,21,S,02/07/1888,0,0,suit/jacket/wallet,52.8,173
Toinette Makinson,female,78.792,Q,14/11/1880,1,1,suit/jacket/wallet,52.5,200
Charyl Wain,male,42.4,S,24/3/1868,1,1,suit/jacket/wallet,100.5,178
Roxanne Tohill,male,285.375,C,01/02/1846,1,0,suit/jacket/wallet,86.1,176
Nicol Cocker,female,263,S,26/05/1864,0,0,suit/jacket/wallet,97.7,152
Red Dabels,female,7.75,Q,08/07/1886,1,0,suit/jacket/wallet,51,169
Rolland Jeandet,male,78.958,S,22/10/1882,1,0,suit/jacket/wallet,92.9,187
Haslett Gearty,female,7.925,S,12/08/1872,1,0,suit/jacket/wallet,68.6,187
Mina Handlin,male,277.208,C,08/01/1848,1,0,suit/jacket/wallet,70.3,169
Veda Ropartz,female,211.5,C,11/10/1858,1,0,clock/jacket/hat,82.2,175
Carita Loudon,male,211.5,C,17/01/1874,0,1,monocle/suit/clock,90.5,192
Deny Caskey,male,08.05,S,16/02/1883,0,1,clock/jacket/hat,95.2,192
Flori Hansel,female,25.7,S,28/07/1836,1,0,monocle/suit/clock,63.5,151
Krisha Roizin,male,13,S,24/07/1855,0,1,monocle/suit/clock,56.9,177
Aron Atherton,female,7.75,Q,30/07/1868,0,0,monocle/suit/clock,99.5,198
Rosa Gilsthorpe,male,152.458,C,14/08/1880,0,0,clock/jacket/hat,73,155
Randie Basilotta,male,217.792,S,11/10/1840,1,1,monocle/suit/clock,84.1,192
Granny Boagey,male,26,S,28/7/1857,1,0,monocle/suit/clock,61,187
Maible Mawby,male,78.958,S,03/08/1848,0,0,monocle/suit/clock,72.9,188
Van Cordon,male,107.083,Q,26/03/1883,1,1,monocle/suit/clock,96.4,167
Donny Dicte,male,144.542,C,06/05/1878,1,0,clock/jacket/hat,59.6,185
Darlene Gloster,female,78.792,Q,01/08/1872,0,1,clock/jacket/hat,68.2,185
Perry Massenhove,female,08.05,S,06/08/1838,1,1,monocle/suit/clock,52.4,175
Ethan Mitchelson,female,7.75,Q,02/04/1870,0,0,monocle/suit/clock,60,184
Shelton Jestico,male,23,S,30/10/1873,0,1,clock/jacket/hat,52.3,166
Jillane Girod,female,13.9,S,23/5/1858,0,0,monocle/suit/clock,85.6,153
Fran Vogel,male,7.775,S,26/02/1884,0,1,monocle/suit/clock,76,198
Nikos Elliker,female,52,S,05/03/1845,0,0,clock/jacket/hat,86.8,183
Truda Schmidt,male,08.05,S,18/06/1868,0,0,monocle/suit/clock,74.4,153
Xenia Kimmings,male,26,C,24/01/1861,1,1,clock/jacket/hat,64.3,196
Paulo Prince,male,77.958,S,22/10/1878,1,1,monocle/suit/clock,54.9,191
Nana Sawtell,female,78.85,S,01/03/1883,0,1,monocle/suit/clock,72.7,187
Sande Dabourne,male,7.925,S,18/03/1874,0,0,clock/jacket/hat,92.7,184
Gill Eykel,female,78.542,S,22/01/1851,1,1,monocle/suit/clock,72.4,170
Maddi Sissland,male,08.05,S,17/08/1864,1,1,monocle/suit/clock,81.3,172
Taffy Beedham,female,554.417,C,08/05/1862,1,1,monocle/suit/clock,80,194
Trudey Hickford,male,26,S,21/04/1848,0,0,clock/jacket/hat,92.5,152
Bertie Petcher,male,7.75,Q,15/02/1854,1,0,monocle/suit/clock,57.9,164
Janifer Napolitano,male,7.775,S,28/05/1868,0,1,monocle/suit/clock,63.3,152
Cassey McGreal,female,85.167,C,25/02/1883,0,1,clock/jacket/hat,82.8,176
Harriot Wahncke,male,22.525,S,10/03/1836,1,1,monocle/suit/clock,92.8,180
Christabella Batten,male,78.208,Q,31/05/1872,0,1,monocle/suit/clock,81.7,199
Rosina Bampkin,male,7.75,Q,21/08/1862,1,1,monocle/suit/clock,81.7,169
Tanya Skokoe,male,87.125,S,18/03/1868,1,1,monocle/suit/clock,77.2,199
Karoline Reams,male,13,S,07/10/1857,0,1,monocle/suit/clock,88.1,181
Sara Royl,male,150.458,C,08/08/1845,0,0,monocle/suit/clock,91.3,162
Maighdiln Devany,female,77.792,Q,25/06/1871,0,1,clock/jacket/hat,100.7,184
Wendell Iveson,female,316.792,C,01/11/1875,0,0,monocle/suit/clock,55.9,176
Augustine Lobb,female,72.833,Q,16/07/1876,1,1,monocle/suit/clock,76.6,200
Tova Champniss,female,217.792,S,05/10/1882,1,0,jacket/monocle/shoes,88.6,150
Mira Dorrity,male,144.542,C,24/11/1857,1,0,jacket/monocle/shoes,55.4,184
Jennette Bastide,male,64.375,C,14/8/1850,0,1,monocle/suit/clock,65.7,195
Lilly Ingleton,female,16.7,S,18/12/1850,0,1,monocle/suit/clock,53,197
Carie Gricewood,male,752.417,C,30/11/1883,0,0,monocle/suit/clock,86,179
Bonnibelle Cordaroy,female,26,S,21/1/1834,0,1,monocle/suit/clock,93.3,194
Fairleigh Goodbarne,female,15.75,S,17/05/1880,1,0,monocle/suit/clock,77.4,188
Leola Bonick,male,7.75,Q,23/02/1881,1,1,jacket/monocle/shoes,99.1,154
Randal Dranfield,female,57.75,C,10/10/1884,1,1,monocle/suit/clock,77.2,154
Deeann Gabotti,male,7.25,S,03/02/1858,1,1,jacket/monocle/shoes,69,152
Calli Veighey,male,7.75,Q,14/08/1885,1,0,monocle/suit/clock,99.9,197
Isidoro Parslow,female,16.1,S,25/06/1868,1,1,monocle/suit/clock,99.8,193
Darrick Bayley,male,77.958,S,23/06/1878,1,0,monocle/suit/clock,59.6,193
Perry Parkyn,female,23.25,Q,31/08/1850,0,1,monocle/suit/clock,82.6,192
Georg Greenmon,male,13,S,01/02/1882,0,0,monocle/suit/clock,100.2,153
Marv Peet,male,08.05,S,25/06/1833,0,0,monocle/suit/clock,99.7,179
Ardith Ninotti,male,08.05,S,12/12/1848,0,0,clock/jacket/hat,52.1,170
Russell Birdwistle,male,28.5,C,12/12/1868,1,1,monocle/suit/clock,87.9,200
Zollie Velde,female,254.667,S,15/11/1868,0,1,monocle/suit/clock,95.9,155
Aubree Mortell,male,64.375,C,18/4/1877,1,1,monocle/suit/clock,70.5,165
Maurene Trytsman,male,78.958,S,08/12/1856,1,0,clock/jacket/hat,91.9,192
Allie Birdis,male,78.542,S,05/06/1837,0,1,monocle/suit/clock,94.1,152
Lorain Lemmen,male,7.225,C,8/5/1884,0,0,monocle/suit/clock,86.4,197
Tiphanie Denford,male,13,S,27/10/1856,1,1,monocle/suit/clock,76.2,194
Obadias Wallenger,female,08.05,S,21/08/1878,0,0,clock/jacket/hat,52.4,159
Reade Cuniffe,male,46.9,S,16/07/1835,0,1,monocle/suit/clock,60.5,168
Rosana Tissington,female,46.9,S,03/11/1880,0,1,monocle/suit/clock,87.9,190
Jefferson Orford,female,151.55,S,28/06/1888,0,1,monocle/suit/clock,53.2,167
Sibylla Faustin,male,262.375,C,20/05/1883,1,0,monocle/suit/clock,99.8,184
Lorene Kondratyuk,male,26,S,25/02/1844,0,0,monocle/suit/clock,99.2,187
Avivah Gribble,male,26.55,S,24/02/1868,0,0,monocle/suit/clock,96.2,200
Conny Birchwood,male,18,S,31/03/1875,1,1,clock/jacket/hat,100.1,189
Major Mease,male,518.625,S,05/08/1886,1,1,clock/jacket/hat,61.6,166
Monica Haswell,male,08.05,S,26/07/1838,0,1,clock/jacket/hat,88.8,183
Timmy O'Hoolahan,male,26.55,S,25/12/1882,0,0,clock/jacket/hat,72.6,194
Lauraine Dimmack,male,26,S,05/06/1851,1,1,clock/jacket/hat,99.9,175
Bernadine McCosker,female,831.583,C,08/08/1858,0,0,jacket/monocle/shoes,71.6,170
Chev Baxill,male,78.958,C,26/12/1834,1,1,clock/jacket/hat,89.3,189
Wynn Gras,male,23.5,S,18/2/1874,1,1,clock/jacket/hat,62.1,193
Roddie Parell,female,121.833,S,08/07/1880,0,0,clock/jacket/hat,74.2,177
Andee Fitzsymonds,male,313.875,S,11/11/1838,1,1,clock/jacket/hat,77.4,171
Lydon Tomadoni,male,7.55,S,17/8/1871,0,1,clock/jacket/hat,63.6,157
Seka Woolhouse,female,217.792,S,20/07/1840,1,1,clock/jacket/hat,79.5,176
Leese Reimer,female,78.542,S,26/01/1883,1,0,clock/jacket/hat,77.4,168
Elvina Canape,male,26.55,S,06/11/1848,1,1,clock/jacket/hat,90,183
Ricca Klimontovich,female,13.775,S,17/05/1838,0,0,clock/jacket/hat,91.7,157
Etan Ingley,female,77.333,Q,24/01/1884,0,1,clock/jacket/hat,59.5,172
Idelle Oliveti,male,152.458,C,08/08/1883,0,0,clock/jacket/hat,51.2,153
Cindy Vlasin,female,13.5,S,20/12/1856,1,0,clock/jacket/hat,63.3,184
Gery Towle,male,7,S,22/12/1841,0,1,clock/jacket/hat,78.5,160
Bethany Rudgard,male,13,S,15/7/1834,1,0,jacket/monocle/shoes,81.2,199
Arlena Buck,female,22.025,S,18/08/1878,1,0,clock/jacket/hat,65.5,168
Collete Dorset,male,504.958,C,06/08/1857,0,1,jacket/monocle/shoes,73.6,181
Sigrid Rigg,male,34.375,S,03/08/1876,1,0,clock/jacket/hat,78,176
Michel Echallie,female,277.208,C,24/02/1848,1,0,jacket/monocle/shoes,65.6,158
Rolando Cullen,female,89.625,S,31/07/1851,1,1,jacket/monocle/shoes,76.4,157
Eveleen Hallmark,male,7.55,S,28/08/1868,1,0,clock/jacket/hat,92.2,173
Zola Sainer,male,7.225,C,14/02/1858,0,0,clock/jacket/hat,63.1,167
Myrta Beau,male,13.9,S,28/03/1861,0,1,jacket/monocle/shoes,54.3,174
Gerrie Fronzek,male,72.292,C,28/08/1838,0,1,clock/jacket/hat,55.3,151
Minor Toghill,male,313.875,S,11/11/1864,1,0,clock/jacket/hat,98.2,185
Lorne Weymouth,female,39,S,26/3/1875,1,1,clock/jacket/hat,79.8,182
Casie Aldam,female,36.75,S,08/10/1856,0,0,jacket/monocle/shoes,70.2,180
Larissa Tessyman,male,554.417,C,18/12/1858,1,0,clock/jacket/hat,68.7,187
Philip Hevner,female,39,S,18/3/1865,1,0,clock/jacket/hat,77.5,174
Gussie Paskell,female,831.583,C,20/02/1853,0,1,clock/jacket/hat,67,182
Cristina Naile,male,13,S,03/05/1840,1,0,jacket/monocle/shoes,72.2,188
Cord Woodhead,male,831.583,C,05/10/1887,1,1,clock/jacket/hat,72.7,165
Tamma Vickars,female,53.1,S,03/12/1880,0,1,clock/jacket/hat,83.7,172
Rossie Mellody,male,7.75,Q,20/03/1853,0,1,clock/jacket/hat,97.9,181
Jedidiah Lehrian,female,475.208,C,18/04/1834,0,0,clock/jacket/hat,84.6,183
Vally Berggren,male,16,S,17/10/1871,0,0,clock/jacket/hat,54.7,198
Harriott Davenall,female,21,S,20/8/1878,1,1,clock/jacket/hat,72.1,178
Stafani Badger,male,08.05,S,30/06/1858,1,1,clock/jacket/hat,88.6,157
Lauritz Zettler,female,69.55,S,25/08/1877,0,0,clock/jacket/hat,58,190
Tabb Cleary,male,13,S,05/07/1854,1,1,clock/jacket/hat,65.5,199
Berta Meekin,male,26,S,05/04/1867,0,1,clock/jacket/hat,84.7,198
Helsa Fudger,male,26,S,03/02/1884,0,1,jacket/monocle/shoes,96.7,195
Wakefield Egell,male,14.5,S,30/10/1865,0,0,clock/jacket/hat,70.7,166
Pietrek Tonepohl,male,12.35,Q,30/11/1838,0,1,clock/jacket/hat,72.1,190
Marita Basilio,male,32.5,S,22/02/1868,0,0,jacket/monocle/shoes,89.8,187
Violet Acton,male,78.542,S,28/11/1864,0,1,clock/jacket/hat,68.8,162
Hammad Macias,male,134.5,C,2/3/1883,0,0,clock/jacket/hat,70.6,167
Thoma Sterry,female,7.775,S,26/03/1860,1,0,clock/jacket/hat,59.7,184
Cecily Stroton,male,10.5,S,07/11/1882,0,1,jacket/monocle/shoes,58.9,196
D'arcy Cockitt,female,81.125,S,21/07/1878,1,0,clock/jacket/hat,59.4,185
Phedra Riglesford,female,15.5,Q,01/01/1865,1,0,clock/jacket/hat,55.5,164
Anson Tomasicchio,male,14.4,S,08/11/1885,0,0,clock/jacket/hat,51.3,171
Hughie Athow,male,227.525,C,23/05/1833,0,0,clock/jacket/hat,99,174
Deedee Stradling,female,26,S,14/10/1835,1,0,clock/jacket/hat,67.7,199
Findlay Blackaller,male,10.5,S,13/8/1850,0,1,jacket/monocle/shoes,52.3,187
Ianthe Focke,male,257.417,C,25/10/1847,1,1,clock/jacket/hat,52.4,181
Bertine Gercken,female,7.75,Q,17/08/1862,1,0,clock/jacket/hat,89.1,175
Dallon Pinnijar,male,10.5,S,14/02/1844,0,1,clock/jacket/hat,54,200
Brewer Fenne,female,277.208,C,01/12/1851,1,1,jacket/monocle/shoes,101,157
Rolph Klesl,male,78.958,S,04/04/1868,0,1,clock/jacket/hat,67,182
Uri Dorgon,male,22.525,S,24/07/1862,1,1,jacket/monocle/shoes,71.9,191
Elinore Oxbrow,male,07.05,S,30/10/1871,0,1,clock/jacket/hat,85.5,163
Currey Elecum,male,73.5,S,23/05/1877,1,1,clock/jacket/hat,94.3,152
Merwyn Hannum,female,26,S,11/02/1855,1,0,jacket/monocle/shoes,65.9,180
Benjamin Elcox,female,7.775,S,10/06/1884,0,1,clock/jacket/hat,96.4,172
Aloisia Caldayrou,male,42.5,S,13/07/1871,0,1,clock/jacket/hat,73.6,196
Gayla Sanger,female,78.792,Q,25/02/1861,0,0,clock/jacket/hat,64.1,165
Karia Portch,male,648.667,S,11/03/1833,0,1,clock/jacket/hat,77.4,192
Cole Style,female,211.5,C,15/02/1883,0,1,clock/jacket/hat,79.5,185
Zarah Rising,male,08.05,S,25/04/1854,1,0,clock/jacket/hat,74.6,191
Lilian Burtonwood,female,138.583,C,01/08/1876,1,1,clock/jacket/hat,72.3,153
Bernardine Elkin,male,08.05,S,22/04/1856,0,1,clock/jacket/hat,52.9,169
Tedda Wurz,female,10.5,S,25/05/1875,1,0,jacket/monocle/shoes,55.7,165
Ingelbert Hannigane,male,77.958,S,31/07/1888,0,1,jacket/monocle/shoes,86.6,175
Serene Couves,female,274.458,C,08/04/1884,0,1,jacket/monocle/shoes,70.7,150
Lexine Ling,female,152.458,C,22/08/1848,1,0,clock/jacket/hat,95.6,153
Filippa MacLeese,male,77.958,S,25/12/1882,1,1,jacket/monocle/shoes,63.4,198
Lynelle Jermin,female,7.75,Q,5/2/1837,1,0,jacket/monocle/shoes,67,164
Clyve Moehler,male,15.1,S,07/10/1878,0,1,jacket/monocle/shoes,72.2,171
Skylar Fulham,male,13,S,24/08/1843,0,1,jacket/monocle/shoes,87.9,171
Bernelle Euler,male,65,S,06/05/1851,1,0,jacket/monocle/shoes,55.4,186
Caroline Acosta,female,26.55,S,03/05/1868,0,1,jacket/monocle/shoes,80,197
Boothe Atrill,male,64.958,S,28/07/1884,1,0,clock/jacket/hat,85.9,169
Christiano Duesberry,male,78.792,Q,18/06/1841,0,1,jacket/monocle/shoes,63.1,172
Tate Melan,male,712.833,C,20/12/1886,0,1,jacket/monocle/shoes,74.1,191
Godard Dilke,male,78.542,S,27/6/1846,0,0,jacket/monocle/shoes,72.5,196
Bethanne Cloonan,male,75.25,C,16/08/1888,1,1,jacket/monocle/shoes,97.9,154
Bibbie Lapworth,male,7.225,C,17/03/1858,1,1,jacket/monocle/shoes,75.7,200
Aigneis McCotter,female,13,S,27/10/1844,1,0,jacket/monocle/shoes,54.6,151
Barclay Molnar,female,106.425,C,18/1/1845,1,0,clock/jacket/hat,92.9,198
Levon Dwyer,female,277.208,C,04/04/1847,0,0,jacket/monocle/shoes,69.5,193
Stephanus Sandford,female,30,S,25/10/1833,1,0,jacket/monocle/shoes,95.4,185
Sella Gave,male,134.5,C,21/12/1888,0,0,jacket/monocle/shoes,78.3,172
Ana Skellon,male,78.875,S,18/12/1855,0,0,jacket/monocle/shoes,95.2,186
Harley Emmines,male,23.45,S,2/4/1835,0,1,clock/jacket/hat,82.2,182
Lock Kearley,male,518.625,S,04/08/1847,0,1,jacket/monocle/shoes,79.5,188
Jammal Marr,female,21,S,30/05/1882,1,1,jacket/monocle/shoes,100.2,196
Stearne Fines,male,32.5,S,01/04/1882,1,0,jacket/monocle/shoes,96.5,188
Gwynne Callan,female,26,S,07/04/1882,0,1,clock/jacket/hat,55.7,157
Valenka Tromans,female,144.542,C,23/05/1836,0,1,jacket/monocle/shoes,68.7,161
Gasper McGahey,female,27.75,S,10/02/1877,0,1,clock/jacket/hat,98.2,156
Deloria Bolt,male,7.925,S,02/04/1868,0,0,jacket/monocle/shoes,97.3,166
Pedro Jones,male,367.792,C,01/02/1868,1,1,jacket/monocle/shoes,79.1,183
Roana Vashchenko,male,9.325,S,17/10/1845,1,1,jacket/monocle/shoes,56.6,156
Tully Reimers,male,9.5,S,28/08/1881,1,1,jacket/monocle/shoes,53.3,199
Hogan Barthelme,male,7.55,S,14/01/1878,1,1,clock/jacket/hat,94.3,162
Westley Chatres,male,7.75,Q,20/11/1880,1,1,jacket/monocle/shoes,59.4,158
Ivette Jillis,male,08.05,S,22/06/1835,1,0,jacket/monocle/shoes,95.7,157
Cher Molineaux,female,13,S,13/10/1862,0,0,jacket/monocle/shoes,74.3,168
Prudi Allsepp,male,7.775,S,30/1/1881,1,0,jacket/monocle/shoes,60.8,181
Alessandro Wadwell,male,17.4,S,11/04/1862,0,1,clock/jacket/hat,74.8,170
Dominique Lewins,male,78.542,S,12/11/1886,0,0,jacket/monocle/shoes,59.2,156
Nikola Poag,female,23,S,30/3/1878,1,0,clock/jacket/hat,84.1,150
Tiff Balaisot,female,121.833,S,26/11/1880,1,1,jacket/monocle/shoes,97.7,167
Fayre Dundendale,male,127.375,C,4/10/1870,0,1,jacket/monocle/shoes,51.5,158
Fallon Hayfield,male,78.958,S,16/01/1842,1,1,clock/jacket/hat,65,196
Jeniece O' Finan,male,0,S,25/06/1850,1,1,jacket/monocle/shoes,65.9,195
Holly Cowlas,male,7.55,S,26/12/1882,0,0,clock/jacket/hat,88.3,189
Amity McQuaide,female,08.05,S,22/8/1883,0,1,jacket/monocle/shoes,57.5,181
Tabbi Scannell,male,86.625,S,12/01/1853,0,1,jacket/monocle/shoes,56.6,159
Margo Haig,male,752.417,C,02/04/1881,0,1,jacket/monocle/shoes,97.8,180
Giorgia Kitteman,male,7.75,Q,30/06/1835,0,0,clock/jacket/hat,82.8,188
Jabez Overstall,female,367.792,C,08/05/1848,0,1,jacket/monocle/shoes,63.4,171
Lorie Mattielli,female,15.5,Q,25/08/1847,1,0,jacket/monocle/shoes,93.4,172
Noell Dodge,male,7.225,C,22/03/1881,0,0,clock/jacket/hat,56,198
Faina Simants,female,26,S,22/11/1846,0,1,jacket/monocle/shoes,100.1,161
Gasper Embra,male,10.5,S,28/3/1885,0,1,jacket/monocle/shoes,62.4,192
Margaret Idiens,male,26,S,21/10/1870,0,1,jacket/monocle/shoes,89.2,181
Enrico Sulland,male,21,S,27/08/1868,0,1,clock/jacket/hat,87.3,194
Mic Normanvill,male,10.5,S,03/04/1880,1,1,jacket/monocle/shoes,54,183
Natka Vodden,female,86.625,S,06/08/1833,1,0,jacket/monocle/shoes,95.2,193
Hy McCracken,male,13.775,S,05/08/1877,1,1,jacket/monocle/shoes,79.8,200
Bianca Sunnucks,female,7.75,Q,06/12/1848,0,0,clock/jacket/hat,89.1,198
Carlotta Saintsbury,female,152.458,C,04/03/1838,0,0,jacket/monocle/shoes,62.8,198
Meghann Cuttell,female,202.125,S,04/10/1862,0,1,clock/jacket/hat,52,165
Curcio Cowe,male,7.25,S,20/04/1854,1,0,jacket/monocle/shoes,96.9,158
Fifi Argo,male,7.25,S,28/06/1856,1,1,jacket/monocle/shoes,79.3,191
Jodi Bellamy,male,822.667,S,18/08/1867,1,1,clock/jacket/hat,63,165
Junie Haimes,male,72.292,C,26/04/1887,1,0,jacket/monocle/shoes,76.9,171
Karon Loyndon,male,08.05,S,08/11/1882,0,0,jacket/monocle/shoes,56.4,162
Anders Jurisch,male,39.6,S,21/08/1880,1,0,jacket/monocle/shoes,70.9,186
Car Banbrick,female,6.95,Q,01/04/1840,0,0,clock/jacket/hat,60.2,172
Lorna Davidsson,male,72.292,C,15/01/1882,1,1,jacket/monocle/shoes,59.6,159
Zedekiah Dows,male,818.583,S,18/05/1888,0,1,jacket/monocle/shoes,57.6,183
Lothaire Stitwell,male,9.5,S,16/5/1868,1,1,jacket/monocle/shoes,100.8,180
Prentice Scawen,male,78.958,S,01/07/1860,1,0,clock/jacket/hat,67.5,190
Wiley Cholomin,female,415.792,C,03/06/1880,1,0,jacket/monocle/shoes,61.8,193
Hartley Surphliss,male,216.792,C,04/08/1854,0,0,jacket/monocle/shoes,85.7,169
Ivor MacDunleavy,male,45.5,S,13/12/1872,0,0,clock/jacket/hat,88.5,169
Heriberto Daile,male,78.542,S,27/8/1851,0,1,jacket/monocle/shoes,72.9,194
Aggy Kitching,male,7.775,S,30/05/1865,1,0,clock/jacket/hat,94.4,193
Lavinia MacWhirter,male,150.458,C,16/12/1862,0,1,jacket/monocle/shoes,63.6,191
Ivett Balog,male,21,S,27/11/1872,0,1,jacket/monocle/shoes,82.3,166
Etan Affron,male,86.625,S,18/8/1865,1,1,jacket/monocle/shoes,94.8,180
Constancia Hakey,female,7.75,Q,23/12/1838,1,0,jacket/monocle/shoes,86.6,166
Shane Ebbles,female,26.55,S,11/4/1876,1,1,jacket/monocle/shoes,81.1,190
Carlotta Crosfeld,male,151.55,S,18/08/1845,1,1,wallet/shoes/gloves,58.8,195
Walsh Guy,male,9.35,S,01/05/1838,1,1,jacket/monocle/shoes,86.3,183
Aldo Sines,male,93.5,S,23/12/1885,0,0,jacket/monocle/shoes,97.1,161
Donnie Sprigg,female,141.083,S,03/01/1875,0,0,wallet/shoes/gloves,95.3,158
Sari Langhor,male,86.625,S,05/07/1834,1,1,jacket/monocle/shoes,61.3,170
Garland Cornborough,male,7.225,C,18/08/1868,0,0,jacket/monocle/shoes,94.8,185
Corabelle Hadkins,male,7.575,S,04/03/1880,0,1,jacket/monocle/shoes,66.3,155
Benyamin Di Nisco,female,7.75,Q,22/06/1881,1,0,wallet/shoes/gloves,57,184
Guillermo Rottcher,female,356.333,C,10/07/1833,1,1,wallet/shoes/gloves,55.6,157
Pris Coorington,female,77.333,Q,03/03/1868,0,0,wallet/shoes/gloves,98.1,186
Ekaterina Crutchfield,male,465.208,C,26/02/1837,1,1,jacket/monocle/shoes,78.5,178
Eirena MacAdie,male,10.5,S,20/6/1868,1,0,wallet/shoes/gloves,86.5,166
Erda Brinklow,male,78.542,S,24/02/1882,0,0,wallet/shoes/gloves,91.3,180
Feliza Farlowe,male,31.5,S,15/08/1868,0,1,wallet/shoes/gloves,65.8,172
Rickard Pahlsson,male,7.775,S,02/08/1874,0,0,wallet/shoes/gloves,52.8,187
Jerry Edlington,male,72.292,C,10/04/1841,1,1,wallet/shoes/gloves,74.2,168
Gaylord Canavan,male,13,S,25/05/1878,1,0,jacket/monocle/shoes,81.1,163
Sylvan Droogan,male,26.55,S,22/05/1877,0,0,wallet/shoes/gloves,67.2,191
Mathilda Whyborne,female,113.375,S,07/01/1861,0,1,jacket/monocle/shoes,92,186
Eloisa Branni,male,07.05,S,03/10/1866,0,1,wallet/shoes/gloves,54.9,181
Aluin Lawdham,female,39,S,28/12/1881,1,0,wallet/shoes/gloves,63.7,161
Coleen Rummins,male,79.2,C,03/07/1842,1,1,wallet/shoes/gloves,95.3,159
Cristiano Mundow,male,26,S,18/12/1868,1,1,jacket/monocle/shoes,90.2,154
Kean Hryncewicz,male,13,S,18/5/1836,1,1,wallet/shoes/gloves,87.7,181
Melina Bulled,female,36.75,S,18/07/1866,0,1,wallet/shoes/gloves,75.3,164
Maurizia Trippack,male,29.7,C,16/11/1861,1,0,wallet/shoes/gloves,52.1,165
Guilbert Devall,male,7.225,C,10/10/1854,0,1,wallet/shoes/gloves,87.1,166
Haskel Gaskamp,female,157.417,C,08/05/1843,0,1,wallet/shoes/gloves,74.2,187
Chariot Ivanenko,male,78.958,S,28/05/1843,0,0,jacket/monocle/shoes,81.3,177
Burk Baglan,male,26,S,28/02/1882,1,1,wallet/shoes/gloves,74.8,194
Mandi Lerigo,male,13,S,08/10/1834,0,1,wallet/shoes/gloves,51.1,169
Louise Gerrets,male,72.292,C,25/08/1854,1,1,wallet/shoes/gloves,70.8,174
Archer Woolen,male,31.5,S,10/10/1855,0,0,jacket/monocle/shoes,96.9,167
Waverley Larvin,male,72.292,C,15/01/1875,1,0,wallet/shoes/gloves,61.8,158
Mannie Treend,male,10.5,S,02/07/1868,1,1,wallet/shoes/gloves,67.8,166
Herc Pinwell,male,75.792,S,16/02/1835,1,1,wallet/shoes/gloves,97,182
Carrol Baudone,male,69.55,S,23/12/1883,1,0,wallet/shoes/gloves,73,159
Max Iceton,female,123.292,C,6/11/1864,0,1,jacket/monocle/shoes,77.3,159
Margeaux Cawcutt,male,14.5,S,08/08/1868,0,0,wallet/shoes/gloves,70.9,153
Maggi Ellison,female,7.65,S,07/04/1873,1,1,wallet/shoes/gloves,61.5,190
Elyn Kyrkeman,male,13,S,28/07/1864,1,0,wallet/shoes/gloves,82.5,172
Rodney Moppett,female,72.292,C,23/07/1852,1,0,wallet/shoes/gloves,65.4,196
Norrie Master,male,13.5,S,31/08/1863,0,1,wallet/shoes/gloves,91,159
Xenia Mamwell,female,21,S,28/05/1834,0,1,wallet/shoes/gloves,56.4,163
Paula Callf,female,633.583,C,08/12/1888,0,1,wallet/shoes/gloves,75.7,164
Sheela MacMillan,male,10.5,S,27/01/1888,1,0,wallet/shoes/gloves,83.8,187
Wade Ebbutt,male,73.5,S,16/04/1862,0,0,wallet/shoes/gloves,92.9,151
Anson Finnie,male,65,S,26/08/1845,1,0,wallet/shoes/gloves,92.6,190
Corie Macconachy,female,20.575,S,10/05/1871,0,1,wallet/shoes/gloves,59.6,196
Josephine Doorbar,male,26,S,26/07/1865,0,1,wallet/shoes/gloves,58.9,174
Kelly Chazotte,female,514.792,S,22/02/1884,1,0,wallet/shoes/gloves,85.3,177
Elene Mordin,male,78.792,S,12/07/1874,1,1,wallet/shoes/gloves,83.4,163
Larisa Myles,male,7.75,Q,10/08/1847,1,0,wallet/shoes/gloves,62.9,179
Maximilianus Willets,female,15.55,S,11/02/1850,0,0,wallet/shoes/gloves,59.8,150
Pooh Graysmark,male,69.55,S,18/06/1867,0,1,wallet/shoes/gloves,56.2,163
Ulrich Huggen,female,370.042,C,06/01/1865,1,0,wallet/shoes/gloves,75.2,200
Arlene Szymanowski,female,21,S,31/01/1880,1,1,wallet/shoes/gloves,58.4,173
Forbes Rosson,male,86.625,S,20/10/1873,0,0,wallet/shoes/gloves,68.4,161
Meridith Brazear,female,554.417,C,28/6/1857,1,0,wallet/shoes/gloves,76.7,155
Karrah Bessey,female,69.55,S,28/05/1878,0,0,monocle/suit/shoes,70.7,169
Libbey Bentje,male,144.583,C,07/11/1880,0,0,monocle/suit/shoes,99.8,181
Christalle Swain,female,396.875,S,16/01/1850,1,0,monocle/suit/shoes,94.6,166
Orelia Pinckard,female,59.4,C,14/07/1836,0,0,monocle/suit/shoes,83.8,170
Raynor Sempill,male,138.583,C,21/01/1881,0,0,monocle/suit/shoes,63.1,188
Cris Moyers,male,11.5,S,04/07/1868,0,0,wallet/shoes/gloves,98.5,197
Richart Rechert,female,134.5,C,13/10/1874,0,1,monocle/suit/shoes,58,166
Winnifred McGinty,male,0,S,06/08/1862,0,1,monocle/suit/shoes,83.8,196
Emalia Henzer,male,13,S,02/03/1841,0,1,monocle/suit/shoes,70.4,189
Bevon Brennans,female,818.583,S,17/02/1872,1,0,monocle/suit/shoes,77.3,180
Karena Quest,female,262.375,C,14/05/1868,1,0,monocle/suit/shoes,82.4,178
Kaitlin Caldera,female,86.625,S,26/12/1833,1,0,monocle/suit/shoes,53,192
Genna Raiment,male,11.5,S,27/2/1887,0,1,monocle/suit/shoes,76.8,177
Zabrina Diglin,male,50,S,02/10/1854,1,0,monocle/suit/shoes,82.2,158
Erl Rojel,male,313.875,S,18/08/1860,1,1,wallet/shoes/gloves,63.3,177
Barney Bartzen,male,7.75,Q,08/10/1863,1,0,monocle/suit/shoes,99.3,184
Jenny O'Curneen,male,78.792,Q,13/07/1848,1,1,monocle/suit/shoes,71.7,164
Neile Ciccoloi,female,14.5,S,8/4/1882,0,0,monocle/suit/shoes,79.7,190
Marne Ewenson,female,16.1,S,06/05/1872,0,0,monocle/suit/shoes,88.6,161
Ammamaria Vayro,male,12.875,S,30/07/1870,0,0,monocle/suit/shoes,56.1,169
Suzy Lear,female,65,S,07/06/1855,1,1,monocle/suit/shoes,62.6,197
Yurik Blackden,male,7.775,S,24/05/1864,1,1,monocle/suit/shoes,91.3,197
Nicky Shenton,male,13,S,13/08/1883,1,0,monocle/suit/shoes,85.4,172
Prescott Gravett,male,7.75,Q,25/01/1888,0,0,monocle/suit/shoes,78.8,184
Boyce Sacaze,male,21.075,S,02/04/1840,1,1,monocle/suit/shoes,82.6,173
Deena Long,male,93.5,S,24/11/1870,1,1,monocle/suit/shoes,82.9,175
Adrea Ravenhill,female,39.4,S,04/10/1878,1,1,monocle/suit/shoes,51,155
Duff Allsobrook,male,20.25,S,14/08/1838,0,0,monocle/suit/shoes,57.1,171
Ellwood Duffield,male,10.5,S,08/05/1847,0,0,wallet/shoes/gloves,56.1,194
Corrina True,male,22.025,S,16/07/1862,1,0,monocle/suit/shoes,85.2,173
Tabb Francke,female,60,S,28/06/1853,1,1,monocle/suit/shoes,86.4,183
Grazia Baldini,male,7.25,Q,22/08/1875,1,1,monocle/suit/shoes,71.1,180
Richie McComas,female,79.2,C,03/08/1851,0,0,wallet/shoes/gloves,56.3,151
Vance Trewin,male,7.775,S,26/04/1855,1,1,monocle/suit/shoes,83.8,181
Adrian Bare,male,77.333,Q,20/07/1887,1,1,monocle/suit/shoes,87.2,178
Marilin Ketton,female,648.667,S,20/06/1858,1,1,monocle/suit/shoes,55.9,181
Christalle Kenderdine,male,21,S,01/06/1854,0,0,monocle/suit/shoes,73,198
Anet Heller,female,59.4,C,14/12/1872,1,0,monocle/suit/shoes,94.4,161
Merilee Harpur,male,47.1,S,15/01/1842,0,1,monocle/suit/shoes,86.2,180
Kyle Skelly,male,277.208,C,14/01/1846,0,0,monocle/suit/shoes,100.2,174
Ram Dillamore,male,138.625,C,28/04/1836,1,1,monocle/suit/shoes,81.4,164
Valida Abramovitch,male,10.5,S,03/08/1863,0,1,monocle/suit/shoes,77,167
Cristin Alner,male,211.5,C,20/08/1865,1,1,monocle/suit/shoes,63.5,164
Romy Barnfather,female,77.208,Q,28/06/1872,1,1,monocle/suit/shoes,74.9,181
Storm Ivanusyev,female,13.775,S,10/05/1874,1,1,monocle/suit/shoes,57.8,160
Hewie Robertacci,female,7.75,Q,21/07/1865,1,1,monocle/suit/shoes,71.9,162
Pamella Clayfield,female,90,Q,28/05/1858,0,0,monocle/suit/shoes,79.6,171
Elisabetta Pimbley,female,7.775,S,03/08/1888,1,0,suit/jacket/wallet,84.5,183
Michele Canti,male,08.05,S,31/08/1866,1,1,suit/jacket/wallet,91.5,167
Hewe Whittam,female,108.9,C,13/06/1833,1,1,suit/jacket/wallet,62.3,151
Amandie Lorenzetti,male,7.25,S,23/04/1833,1,0,suit/jacket/wallet,87,170
Mendie Defond,male,08.05,S,06/06/1852,0,0,suit/jacket/wallet,67.9,197
Carrissa Treadway,male,223.583,C,12/05/1888,1,0,monocle/suit/shoes,79.4,194